{
  "activity_multipliers": {
    "sedentary": 1.2,
    "lightly_active": 1.375,
    "moderately_active": 1.55,
    "very_active": 1.725,
    "extra_active": 1.9
  },
  "goal_modifiers": {
    "muscle_gain": {
      "calorie_surplus": 300,
      "macro_split": {"protein": 0.30, "fats": 0.25, "carbs": 0.45}
    },
    "fat_loss": {
      "calorie_surplus": -500,
      "macro_split": {"protein": 0.40, "fats": 0.30, "carbs": 0.30}
    },
    "general_fitness": {
      "calorie_surplus": 0,
      "macro_split": {"protein": 0.25, "fats": 0.25, "carbs": 0.50}
    },
    "endurance": {
      "calorie_surplus": 200,
      "macro_split": {"protein": 0.20, "fats": 0.20, "carbs": 0.60}
    },
    "mobility_flexibility": {
      "calorie_surplus": 0,
      "macro_split": {"protein": 0.25, "fats": 0.25, "carbs": 0.50}
    }
  }
}